Position,Mean_MCC,Std_Dev,Position_acc,Mean_Accuracy,Std_Dev_acc
1,0.8745325097063382,0.009609641503968484,1,0.9490263774912078,0.003987008466117709
2,0.8731661407862307,0.009611958625311178,2,0.9484495896834704,0.003996089696614972
3,0.870354556456463,0.009594124434785072,3,0.9472500000000009,0.003995990934507258
4,0.86898925278781,0.009867238848358838,4,0.9466503516998837,0.004127462800203823
5,0.8715835897904735,0.009662179107146581,5,0.9475621336459549,0.00406420199943262
6,0.8770958360915264,0.009406327522083844,6,0.9496424384525199,0.0039482956947449925
7,0.8746128829612375,0.009372816805405313,7,0.948434935521688,0.003969675836123533
8,0.8758307982463839,0.009266038168802924,8,0.9487391559202814,0.003918605019389278
9,0.8811962396927353,0.009074199719916508,9,0.9508112543962481,0.0038430776169730914
10,0.8833313755768281,0.008991283511583044,10,0.9513924384525205,0.0038203734106050757
11,0.883772342806494,0.008890895782046387,11,0.9513994724501764,0.0038116866379573093
12,0.8862662375331393,0.008787608016103234,12,0.9522857561547473,0.0037743090103758803
13,0.8902075441496698,0.008515983374198031,13,0.9537180539273158,0.0036653993408211987
14,0.8943493753979401,0.008404398281305375,14,0.9554232121922626,0.0036225465421799168
15,0.8958939049863998,0.00841646115091028,15,0.9560175849941384,0.003623525620159773
16,0.8973612954391998,0.008350651060785077,16,0.9565463071512302,0.003613138687509509
17,0.8970376285725737,0.008364983854088332,17,0.9562740328253221,0.003644614077857533
18,0.8980389668047035,0.008148289745556248,18,0.9566043376318866,0.0035577895841551743
19,0.897553447021411,0.008306033017228294,19,0.956335580304806,0.0036347841046417773
20,0.8945563604874576,0.008291317528715373,20,0.9549255568581485,0.0036226980586196444
21,0.8970062892969219,0.00815431374819446,21,0.956048358733881,0.0035477072677180276
22,0.8990150588918449,0.008134554820473271,22,0.956916764361078,0.003538353496361774
23,0.8952504586950157,0.00825132419208538,23,0.9554522274325913,0.0036006678978153014
24,0.8980432200056363,0.00807617313622,24,0.9569715709261424,0.0034844630140228824
25,0.9002540873589886,0.007945430810553445,25,0.9580770808909721,0.0034122154380107584
26,0.8966811385620942,0.008027883242421926,26,0.9568634232121914,0.0034297861506074464
27,0.9015953696694607,0.00794956917575266,27,0.9592215709261422,0.003379206544860194
28,0.8957044164387281,0.008183648258807592,28,0.9572069167643602,0.0034559708544761865
29,0.8924592481235515,0.008251639704102916,29,0.9563719226260259,0.0034644263231933393
30,0.8935157145822682,0.008282497880203767,30,0.9571755568581468,0.0034449102632549775
31,0.8871177115337405,0.008663772608123463,31,0.9550597889800712,0.0035725524520003205
32,0.8806876130638652,0.009069668829277107,32,0.9527417936694019,0.0036989261176925523
33,0.877824447640489,0.009096664481205052,33,0.9521875732708086,0.003691400560855344
34,0.8785596294138819,0.0089948875422652,34,0.95281447831184,0.003610792492780258
35,0.8760785684648763,0.009279094025408122,35,0.9521790738569765,0.003701512184257033
36,0.8841222830450723,0.009089043901634355,36,0.9553657678780781,0.0035901528320354038
37,0.8842326526041803,0.008965173183736836,37,0.9554577960140679,0.003531276168890672
38,0.8766733294808642,0.009272318536582332,38,0.9525243259085576,0.0036462055412506056
39,0.8817799572660141,0.009079803696809928,39,0.9545764947245011,0.0035530437865312903
40,0.8831376225887709,0.008955736344992866,40,0.9551087338804212,0.003506510824896077
41,0.8825524032765547,0.009148476065912398,41,0.9549132473622503,0.0035938877383769096
42,0.8879310942554627,0.00880766200459601,42,0.9569756740914415,0.003431935847869388
43,0.8837945607125357,0.009004424273148114,43,0.9554454865181699,0.0035110295180456855
44,0.8817906168567561,0.00883676531182881,44,0.954621922626025,0.003501125521746181
45,0.8863814071937804,0.008882437696512315,45,0.9563859906213351,0.0035112457708759166
46,0.8835274541576389,0.008934137291568944,46,0.9552497069167644,0.00353184945920214
47,0.8878469780757245,0.008786813309461258,47,0.9567590855803051,0.00348833764081051
48,0.8917108547724991,0.008668152796875524,48,0.9582303634232109,0.003443368517814613
49,0.890443996092777,0.008675199832346865,49,0.957573563892146,0.003469453425135067
50,0.8870494479306683,0.008820148771467303,50,0.9563179953106683,0.0035286923496226927
51,0.8891220202747633,0.008825016068050797,51,0.9572025205158258,0.0035355408908999
52,0.8884304159590842,0.008851974259493066,52,0.9568754396248538,0.0035478463398448614
53,0.8878623867653426,0.008639972952791787,53,0.9566521101992973,0.003484605497680479
54,0.8841749949341523,0.008735972703219855,54,0.9551743845252055,0.0035333730664530395
55,0.8838356565441866,0.008875130822754708,55,0.954883645955452,0.0036047692829951285
56,0.884497425903528,0.008802565838237542,56,0.9551468347010547,0.00356959834986251
57,0.8882107886344119,0.008608099696922963,57,0.9565486518171157,0.00349827057306515
58,0.8850085642424559,0.008601211639317742,58,0.9553625439624851,0.003481419177194056
59,0.8766934153311173,0.008918042064524468,59,0.9522218640093779,0.0035997570533063765
60,0.875369683866538,0.008894157895776864,60,0.9516796600234474,0.0035867908954686687
61,0.8829773704088034,0.008715608087940002,61,0.9545923212192263,0.003497481982406696
62,0.8813590272912062,0.008812612055105312,62,0.9540005861664713,0.0035292320948139004
63,0.8837731634637833,0.008811744172316461,63,0.9548543376318873,0.003517629278682761
64,0.877210885880851,0.0090858762963295,64,0.952258499413835,0.003623731710627209
65,0.8836070973578641,0.008872267017302132,65,0.9546301289566234,0.003564822322231819
66,0.8830047174169622,0.008711614765161248,66,0.9543203399765534,0.003529032741061071
67,0.8822691350837069,0.008885204348559633,67,0.9540823563892132,0.0035857480319833063
68,0.8730531151545319,0.009130139411818413,68,0.9504698124267299,0.003702987985744367
69,0.8724801880135117,0.009035860898321833,69,0.9502092614302462,0.0036649587407024437
70,0.8662726902075781,0.009278660796480943,70,0.9478994724501753,0.0037718424525686714
